Workbook

Sheet Dashboard
A1: INDIAN RAILWAYS RESERVATION SYSTEM
A2: Executive Operations & Revenue Dashboard | Live Status Tracking
A4: Total Bookings | D4: Total Revenue (₹) | G4: Confirmed Tickets | J4: Waitlisted Tickets
A5: =COUNTA(PNR_Master!A6:A25) | D5: =SUM(PNR_Master!J6:J25) | G5: =COUNTIF(PNR_Master!K6:K25,"CNF") | J5: =COUNTIF(PNR_Master!K6:K25,"WL")
A8: Booking Summary by Quota | F8: Revenue Breakdown by Class
A9: Quota Code | B9: Quota Name | C9: Total Passengers | D9: Total Revenue (₹) | F9: Class Code | G9: Class Description | H9: Bookings | I9: Revenue (₹)
A10: GN | B10: General Quota | C10: =COUNTIF(PNR_Master!I6:I25, "GN") | D10: =SUMIF(PNR_Master!I6:I25, "GN", PNR_Master!J6:J25) | F10: 1A | G10: AC First Class | H10: =COUNTIF(PNR_Master!H6:H25, "1A") | I10: =SUMIF(PNR_Master!H6:H25, "1A", PNR_Master!J6:J25)
A11: TQ | B11: Tatkal Quota | C11: =COUNTIF(PNR_Master!I6:I25, "TQ") | D11: =SUMIF(PNR_Master!I6:I25, "TQ", PNR_Master!J6:J25) | F11: 2A | G11: AC 2-Tier | H11: =COUNTIF(PNR_Master!H6:H25, "2A") | I11: =SUMIF(PNR_Master!H6:H25, "2A", PNR_Master!J6:J25)
A12: PT | B12: Premium Tatkal | C12: =COUNTIF(PNR_Master!I6:I25, "PT") | D12: =SUMIF(PNR_Master!I6:I25, "PT", PNR_Master!J6:J25) | F12: 3A | G12: AC 3-Tier | H12: =COUNTIF(PNR_Master!H6:H25, "3A") | I12: =SUMIF(PNR_Master!H6:H25, "3A", PNR_Master!J6:J25)
A13: LD | B13: Ladies Quota | C13: =COUNTIF(PNR_Master!I6:I25, "LD") | D13: =SUMIF(PNR_Master!I6:I25, "LD", PNR_Master!J6:J25) | F13: SL | G13: Sleeper Class | H13: =COUNTIF(PNR_Master!H6:H25, "SL") | I13: =SUMIF(PNR_Master!H6:H25, "SL", PNR_Master!J6:J25)
A14: SS | B14: Senior Citizen | C14: =COUNTIF(PNR_Master!I6:I25, "SS") | D14: =SUMIF(PNR_Master!I6:I25, "SS", PNR_Master!J6:J25) | F14: CC | G14: AC Chair Car | H14: =COUNTIF(PNR_Master!H6:H25, "CC") | I14: =SUMIF(PNR_Master!H6:H25, "CC", PNR_Master!J6:J25)
A15: Total | C15: =SUM(C10:C14) | D15: =SUM(D10:D14) | F15: Total | H15: =SUM(H10:H14) | I15: =SUM(I10:I14)
A18: Quick PNR Status Lookup Engine
A20: Enter PNR Number: | B20: 2847593012
A21: Passenger Name | B21: =IFERROR(VLOOKUP(B20, PNR_Master!A6:K25, 4, FALSE), "Not Found")
A22: Train Number & Name | B22: =IFERROR(VLOOKUP(B20, PNR_Master!A6:K25, 2, FALSE) & " - " & VLOOKUP(VLOOKUP(B20, PNR_Master!A6:K25, 2, FALSE), Trains!A6:B15, 2, FALSE), "Not Found")
A23: Journey Date | B23: =IFERROR(VLOOKUP(B20, PNR_Master!A6:K25, 3, FALSE), "Not Found")
A24: Class & Quota | B24: =IFERROR(VLOOKUP(B20, PNR_Master!A6:K25, 8, FALSE) & " (" & VLOOKUP(B20, PNR_Master!A6:K25, 9, FALSE) & ")", "Not Found")
A25: Current Status | B25: =IFERROR(VLOOKUP(B20, PNR_Master!A6:K25, 11, FALSE), "Not Found")
A26: Fare Paid | B26: =IFERROR(VLOOKUP(B20, PNR_Master!A6:K25, 10, FALSE), "Not Found")

Sheet PNR_Master
A1: PASSENGER RESERVATION RECORD (PNR MASTER)
A2: Master transactional database of all issued tickets
A5: PNR Number | B5: Train No | C5: Journey Date | D5: Passenger Name | E5: Age | F5: Gender | G5: Berth Preference | H5: Class Code | I5: Quota Code | J5: Total Fare (₹) | K5: Current Status
A6: 2847593012 | B6: 12951 | C6: 46310 | D6: Rajesh Sharma | E6: 42 | F6: M | G6: LB | H6: 1A | I6: GN | J6: 4250 | K6: CNF
A7: 2847593013 | B7: 12951 | C7: 46310 | D7: Priya Sharma | E7: 38 | F7: F | G7: UB | H7: 1A | I7: GN | J7: 4250 | K7: CNF
A8: 4512983741 | B8: 12301 | C8: 46311 | D8: Amitabh Bachchan | E8: 65 | F8: M | G8: SL | H8: 2A | I8: SS | J8: 2850 | K8: CNF
A9: 8234109283 | B9: 12626 | C9: 46313 | D9: Suresh Kumar | E9: 29 | F9: M | G9: MB | H9: 3A | I9: GN | J9: 1680 | K9: RAC
A10: 8234109284 | B10: 12626 | C10: 46313 | D10: Ananya Sen | E10: 26 | F10: F | G10: SUB | H10: 3A | I10: LD | J10: 1680 | K10: WL
A11: 1029384756 | B11: 20801 | C11: 46307 | D11: Vikramaditya Roy | E11: 34 | F11: M | G11: LB | H11: SL | I11: TQ | J11: 750 | K11: CNF
A12: 1029384757 | B12: 20801 | C12: 46307 | D12: Sneha Roy | E12: 31 | F12: F | G12: MB | H12: SL | I12: TQ | J12: 750 | K12: CNF
A13: 6354210987 | B13: 12002 | C13: 46309 | D13: Sunil Gavaskar | E13: 58 | F13: M | G13: WINDOW | H13: CC | I13: GN | J13: 1125 | K13: CNF
A14: 9876543210 | B14: 12259 | C14: 46315 | D14: Rohan Verma | E14: 23 | F14: M | G14: UB | H14: 3A | I14: PT | J14: 2450 | K14: CNF
A15: 9876543211 | B15: 12259 | C15: 46315 | D15: Kavita Verma | E15: 52 | F15: F | G15: LB | H15: 3A | I15: GN | J15: 1850 | K15: CAN
A16: 5463728190 | B16: 12424 | C16: 46317 | D16: Deepak Gupta | E16: 45 | F16: M | G16: SL | H16: 2A | I16: GN | J16: 3100 | K16: CNF
A17: 5463728191 | B17: 12424 | C17: 46317 | D17: Pooja Gupta | E17: 41 | F17: F | G17: SU | H17: 2A | I17: GN | J17: 3100 | K17: CNF
... A25: 6857410294 | B25: 12626 | C25: 46325 | D25: Bindu Dara | E25: 55 | F25: M | G25: MB | H25: SL | I25: GN | J25: 650 | K25: RAC

Sheet Trains
A1: TRAIN MASTER DIRECTORY
A2: Master list of scheduled trains, routes, and operational details
A5: Train No | B5: Train Name | C5: Origin Station | D5: Destination Station | E5: Departure Time | F5: Arrival Time | G5: Distance (km) | H5: Type | I5: Zone
A6: 12951 | B6: Mumbai Rajdhani Express | C6: MMCT | D6: NDLS | E6: 0.70833333 | F6: 0.35555556 | G6: 1386 | H6: Rajdhani | I6: WR
A7: 12301 | B7: Howrah Rajdhani Express | C7: HWH | D7: NDLS | E7: 0.70138889 | F7: 0.42013889 | G7: 1447 | H7: Rajdhani | I7: ER
A8: 12626 | B8: Kerala Express | C8: NDLS | D8: TVC | E8: 0.84027778 | F8: 0.75 | G8: 3035 | H8: Superfast | I8: SR
A9: 20801 | B9: Magadh Express | C9: IPR | D9: NDLS | E9: 0.64583333 | F9: 0.49305556 | G9: 1003 | H9: Superfast | I9: ECR
A10: 12002 | B10: Bhopal Shatabdi Express | C10: NDLS | D10: RKMP | E10: 0.25 | F10: 0.61111111 | G10: 708 | H10: Shatabdi | I10: NR
A11: 12259 | B11: Sealdah Duronto Express | C11: SDAH | D11: NDLS | E11: 0.77083333 | F11: 0.45833333 | G11: 1452 | H11: Duronto | I11: ER
A12: 12424 | B12: Dibrugarh Rajdhani Express | C12: NDLS | D12: DBRG | E12: 0.68055556 | F12: 0.29166667 | G12: 2427 | H12: Rajdhani | I12: NFR
A13: 12650 | B13: Karnataka Sampark Kranti | C13: NZM | D13: YPR | E13: 0.26736111 | F13: 0.64583333 | G13: 2611 | H13: Sampark Kranti | I13: SWR
A14: 12213 | B14: Yesvantpur Duronto | C14: YPR | D14: DEE | E14: 0.98611111 | F14: 0.29166667 | G14: 2367 | H14: Duronto | I14: SWR
A15: 22436 | B15: Vande Bharat Express | C15: NDLS | D15: BSB | E15: 0.25 | F15: 0.58333333 | G15: 757 | H15: Vande Bharat | I15: NR

Sheet Stations
A1: STATION DIRECTORY
A2: Master database of railway stations, codes, and zones
A5: Station Code | B5: Station Name | C5: City | D5: State | E5: Railway Zone | F5: Number of Platforms
A6: NDLS | B6: New Delhi Railway Station | C6: New Delhi | D6: Delhi | E6: NR | F6: 16
A7: MMCT | B7: Mumbai Central | C7: Mumbai | D7: Maharashtra | E7: WR | F7: 9
A8: HWH | B8: Howrah Junction | C8: Kolkata | D8: West Bengal | E8: ER | F8: 23
A9: TVC | B9: Thiruvananthapuram Central | C9: Thiruvananthapuram | D9: Kerala | E9: SR | F9: 5
A10: IPR | B10: Islampur | C10: Islampur | D10: Bihar | E10: ECR | F10: 3
A11: RKMP | B11: Rani Kamlapati (Bhopal) | C11: Bhopal | D11: Madhya Pradesh | E11: WCR | F11: 5
A12: SDAH | B12: Sealdah | C12: Kolkata | D12: West Bengal | E12: ER | F12: 21
A13: DBRG | B13: Dibrugarh | C13: Dibrugarh | D13: Assam | E13: NFR | F13: 4
A14: NZM | B14: Hazrat Nizamuddin | C14: New Delhi | D14: Delhi | E14: NR | F14: 9
A15: YPR | B15: Yesvantpur Junction | C15: Bengaluru | D15: Karnataka | E15: SWR | F15: 6
A16: BSB | B16: Varanasi Junction | C16: Varanasi | D16: Uttar Pradesh | E16: NR | F16: 9
A17: MAS | B17: MGR Chennai Central | C17: Chennai | D17: Tamil Nadu | E17: SR | F17: 12

Sheet Fare_Matrix
A1: BASE FARE MATRIX (PER KM SLAB)
A2: Distance-based class fare structure and base pricing rules
A5: Distance Slab (km) | B5: Class Code | C5: Class Description | D5: Base Fare (₹) | E5: Reservation Fee (₹) | F5: Superfast Charge (₹) | G5: GST %
A6: 1 - 500 | B6: SL | C6: Sleeper Class | D6: 270 | E6: 20 | F6: 30 | G6: 0
A7: 1 - 500 | B7: 3A | C7: AC 3-Tier | D7: 680 | E7: 40 | F7: 45 | G7: 0.05
A8: 1 - 500 | B8: 2A | C8: AC 2-Tier | D8: 980 | E8: 50 | F8: 50 | G8: 0.05
A9: 1 - 500 | B9: 1A | C9: AC First Class | D9: 1650 | E9: 60 | F9: 75 | G9: 0.05
A10: 501 - 1000 | B10: SL | C10: Sleeper Class | D10: 480 | E10: 20 | F10: 30 | G10: 0
A11: 501 - 1000 | B11: 3A | C11: AC 3-Tier | D11: 1150 | E11: 40 | F11: 45 | G11: 0.05
A12: 501 - 1000 | B12: 2A | C12: AC 2-Tier | D12: 1680 | E12: 50 | F12: 50 | G12: 0.05
A13: 501 - 1000 | B13: 1A | C13: AC First Class | D13: 2850 | E13: 60 | F13: 75 | G13: 0.05
A14: 1001 - 2000 | B14: SL | C14: Sleeper Class | D14: 680 | E14: 20 | F14: 30 | G14: 0
A15: 1001 - 2000 | B15: 3A | C15: AC 3-Tier | D15: 1750 | E15: 40 | F15: 45 | G15: 0.05
A16: 1001 - 2000 | B16: 2A | C16: AC 2-Tier | D16: 2550 | E16: 50 | F16: 50 | G16: 0.05
A17: 1001 - 2000 | B17: 1A | C17: AC First Class | D17: 4250 | E17: 60 | F17: 75 | G17: 0.05

Sheet Lookup_Tables
A1: SYSTEM LOOKUP & REFERENCE CODES
A2: Reference mappings for Class, Quota, and Status codes
A5: Class Codes | E5: Quota Codes | I5: Status Codes
A6: Class Code | B6: Description | C6: AC / Non-AC | E6: Quota Code | F6: Quota Name | G6: Concession / Rule | I6: Status Code | J6: Status Description
A7: 1A | B7: AC First Class | C7: AC | E7: GN | F7: General Quota | G7: Standard Booking | I7: CNF | J7: Confirmed Seat / Berth
A8: 2A | B8: AC 2-Tier | C8: AC | E8: TQ | F8: Tatkal Quota | G8: Premium Charges Apply | I8: RAC | J8: Reservation Against Cancellation
A9: 3A | B9: AC 3-Tier | C9: AC | E9: PT | F9: Premium Tatkal | G9: Dynamic Pricing | I9: WL | J9: Waitlisted Ticket
A10: 3E | B10: AC 3-Tier Economy | C10: AC | E10: LD | F10: Ladies Quota | G10: Solo / Female Passengers | I10: CAN | J10: Cancelled Booking
A11: CC | B11: AC Chair Car | C11: AC | E11: SS | F11: Senior Citizen | G11: Lower Berth Priority | I11: NOSB | J11: No Seat Berth (Child)
A12: EC | B12: Executive Chair Car | C12: AC | E12: HP | F12: Handicapped Quota | G12: Special Concession
A13: SL | B13: Sleeper Class | C13: Non-AC | E13: DF | F13: Defense Quota | G13: Armed Forces Priority
A14: 2S | B14: Second Sitting | C14: Non-AC
